date,mkp_name,ipl_cl,ipl_pro,rasuradora,perfiladora,repuestos,exfoliante,agua_de_rosas
2024-04-15,amzn,11861.63,11658.06,612.53,300.88,0.0,242.64,168.14
2024-04-16,ml,16629.24,8976.99,1825.64,1150.55,0.0,468.46,165.31
2024-04-17,ml,16466.48,4543.92,1168.72,874.52,0.0,472.72,330.47
2024-04-18,ml,17099.18,6610.77,597.48,858.57,0.0,236.96,164.4
2024-04-19,shop,14129.03,0.0,577.8,290.65,0.0,230.78,156.3
2024-04-20,ml,16564.34,8812.32,1773.11,579.63,0.0,239.65,162.24
2024-04-21,ml,30455.88,9148.89,1718.69,1187.83,0.0,464.97,326.68
2024-04-22,ml,16728.2,6673.56,1726.67,605.35,0.0,229.25,171.44
2024-04-23,ml,23388.29,13450.25,581.71,1167.93,0.0,0.0,0.0
2024-04-24,amzn,13409.32,9522.96,1154.41,600.76,0.0,232.58,166.59
2024-04-25,ml,22108.49,11536.37,1215.16,1152.98,0.0,234.65,164.96
2024-04-26,amzn,11720.16,7141.45,1214.87,898.96,0.0,238.55,166.98
2024-04-27,amzn,11232.15,7198.77,602.64,952.64,0.0,243.37,171.61
2024-04-28,shop,12866.7,6529.44,547.76,582.73,0.0,238.03,158.62
2024-04-29,ml,21153.58,9395.31,1138.77,883.18,0.0,453.99,327.74
2024-04-30,shop,7078.45,0.0,572.82,566.78,0.0,0.0,0.0
2024-05-01,amzn,8872.08,6660.06,1178.32,567.28,0.0,225.48,327.28
2024-05-02,ml,10555.45,8489.93,1095.44,1115.7,0.0,223.55,318.24
2024-05-03,amzn,10504.54,8586.73,576.61,563.0,0.0,220.13,314.98
2024-05-04,shop,3402.77,4207.1,533.31,545.09,0.0,219.5,149.88
2024-05-05,ml,19116.03,8736.58,1112.19,818.69,0.0,222.19,309.81
2024-05-06,shop,11787.59,4232.1,551.56,529.03,0.0,0.0,150.47
2024-05-07,amzn,14264.35,8787.12,1125.8,571.96,0.0,0.0,0.0
2024-05-08,amzn,3567.68,8772.61,1117.99,554.49,0.0,226.87,160.88
2024-05-09,shop,8488.91,6299.72,553.75,273.62,0.0,0.0,0.0
2024-05-10,ml,17247.67,8626.62,555.99,556.25,0.0,441.92,154.62
2024-05-11,shop,18407.9,4201.02,0.0,519.65,0.0,220.27,146.21
2024-05-12,ml,13932.27,12914.27,1643.61,557.62,0.0,454.08,309.91
2024-05-13,amzn,12457.94,8897.0,582.77,274.31,0.0,223.64,303.88
2024-05-14,amzn,21187.99,6348.58,569.92,575.63,0.0,233.77,312.17
2024-05-15,ml,22840.79,12828.03,1680.94,1107.27,0.0,222.21,306.04
2024-05-16,ml,18505.46,12505.82,1670.84,865.51,0.0,222.23,311.3
2024-05-17,ml,18921.88,12932.97,1099.74,852.49,0.0,222.45,160.58
2024-05-18,ml,20830.81,15498.18,1110.93,544.6,0.0,222.32,313.06
2024-05-19,ml,24020.98,8493.23,1101.13,533.92,0.0,210.33,159.24
2024-05-20,ml,16222.99,10745.44,1132.29,1370.0,0.0,221.19,156.76
2024-05-21,ml,20955.99,8704.26,1659.68,542.81,0.0,215.95,158.24
2024-05-22,ml,10511.07,8219.93,1077.72,865.08,0.0,229.23,321.02
2024-05-23,amzn,14112.68,6493.62,1095.56,567.64,0.0,233.73,155.61
2024-05-24,amzn,16026.64,4406.65,1094.49,867.54,0.0,230.4,310.8
2024-05-25,amzn,13904.04,8242.57,573.83,564.52,0.0,225.46,160.03
2024-05-26,ml,20876.94,8407.02,1628.07,1108.81,0.0,217.53,464.25
2024-05-27,shop,4981.57,4247.53,541.71,269.51,0.0,0.0,150.69
2024-05-28,amzn,8857.09,6693.78,0.0,580.32,0.0,235.34,157.13
2024-05-29,ml,14906.69,6479.04,554.76,559.87,0.0,218.94,152.92
2024-05-30,ml,13650.33,10907.27,1120.71,816.96,0.0,211.55,319.56
2024-05-31,amzn,18334.54,8787.16,1137.23,586.18,0.0,462.41,154.45
2024-06-01,ml,15103.54,13834.75,1676.74,1176.91,0.0,486.54,333.8
2024-06-02,amzn,19449.92,13873.86,1198.19,1496.24,0.0,249.0,339.52
2024-06-03,shop,3700.43,4431.54,1155.44,541.33,0.0,0.0,154.56
2024-06-04,ml,15056.77,11258.09,610.33,899.15,0.0,483.71,323.81
2024-06-05,ml,14722.24,7014.26,1221.74,889.67,0.0,472.86,324.92
2024-06-06,shop,14103.23,2277.92,557.23,0.0,0.0,219.44,161.4
2024-06-07,amzn,15507.69,11956.11,598.78,299.57,0.0,482.27,166.77
2024-06-08,ml,18594.98,9047.39,1144.86,1170.22,0.0,478.23,328.72
2024-06-09,shop,11340.28,2168.48,0.0,284.78,0.0,228.33,309.89
2024-06-10,shop,0.0,4534.22,1168.91,289.56,0.0,228.12,167.02
2024-06-11,amzn,15758.18,7056.94,607.23,611.72,0.0,236.35,336.48
2024-06-12,amzn,20779.63,4684.58,1815.01,300.6,0.0,236.17,339.35
2024-06-13,ml,20973.96,9006.24,1214.51,603.15,0.0,244.86,325.72
2024-06-14,ml,17281.07,11499.37,1210.51,886.48,0.0,245.03,324.98
2024-06-15,amzn,18562.3,6829.47,1233.93,597.91,0.0,240.99,348.85
2024-06-16,ml,22069.03,6928.14,1192.67,891.4,0.0,475.02,474.99
2024-06-17,amzn,3711.7,9564.69,598.79,587.58,0.0,236.27,337.87
2024-06-18,shop,1755.97,6848.29,581.64,576.47,0.0,0.0,155.73
2024-06-19,ml,18818.76,9251.1,1201.17,860.49,0.0,244.49,326.61
2024-06-20,amzn,9437.74,2262.68,600.7,591.59,0.0,233.63,331.71
2024-06-21,ml,24167.58,6868.38,1173.58,852.03,0.0,238.37,322.79
2024-06-22,shop,9101.39,6915.76,585.83,571.79,0.0,231.42,159.71
2024-06-23,ml,8940.56,13445.06,1831.82,916.46,0.0,477.34,312.37
2024-06-24,amzn,5831.31,4648.49,593.96,602.59,0.0,248.92,166.94
2024-06-25,amzn,0.0,7178.36,1199.65,611.77,0.0,250.81,167.7
2024-06-26,ml,15015.0,9234.43,1190.18,929.65,0.0,235.08,160.16
2024-06-27,amzn,13429.68,2442.43,1217.74,608.88,0.0,244.24,173.08
2024-06-28,amzn,13628.67,9171.57,596.7,594.76,0.0,482.81,332.01
2024-06-29,amzn,20801.28,6842.81,1251.43,596.42,0.0,237.95,334.4
2024-06-30,amzn,18145.14,9535.88,1216.18,906.01,0.0,484.61,166.01
2024-07-01,shop,9011.53,4315.55,1157.88,566.54,0.0,232.02,159.34
2024-07-02,ml,9322.77,13628.91,1223.46,877.97,0.0,237.2,337.89
2024-07-03,amzn,16702.21,9295.78,1195.17,615.9,0.0,236.75,352.62
2024-07-04,ml,22350.94,4655.42,1179.79,906.1,0.0,233.99,334.19
2024-07-05,amzn,15050.54,7066.76,1175.77,876.16,0.0,238.8,171.66
2024-07-06,amzn,20285.21,9393.09,1201.84,891.17,0.0,236.94,347.53
2024-07-07,ml,15056.32,9048.42,1720.03,1172.85,0.0,475.32,330.92
2024-07-08,ml,23870.11,9343.5,599.78,599.01,0.0,238.15,339.62
2024-07-09,shop,5356.85,7165.93,577.66,586.92,0.0,233.44,162.13
2024-07-10,ml,20239.11,11559.94,587.67,935.86,0.0,464.26,330.23
2024-07-11,amzn,7767.3,6994.92,1805.37,897.56,0.0,238.22,169.18
2024-07-12,ml,14844.64,6663.8,1799.82,880.5,0.0,487.05,317.28
2024-07-13,shop,18030.98,4364.93,559.84,580.55,0.0,228.2,160.53
2024-07-14,ml,18407.34,11353.56,1780.06,875.77,0.0,472.64,319.11
2024-07-15,ml,20617.21,6768.23,1198.41,885.38,0.0,235.35,318.58
2024-07-16,shop,9244.16,6629.82,1104.86,853.56,0.0,234.14,320.43
2024-07-17,shop,9117.88,6867.78,0.0,271.86,0.0,234.32,0.0
2024-07-18,ml,22591.34,9349.37,1142.31,593.38,0.0,482.88,164.62
2024-07-19,amzn,11507.86,0.0,601.58,601.8,0.0,0.0,0.0
2024-07-20,amzn,5528.07,4541.53,0.0,619.36,0.0,236.79,168.62
2024-07-21,shop,5306.12,9079.12,1178.5,860.79,0.0,0.0,156.71
2024-07-22,ml,18494.86,6834.67,1154.53,577.07,0.0,0.0,167.6
2024-07-23,amzn,13072.43,2246.65,1166.2,600.88,0.0,238.8,167.7
2024-07-24,amzn,5563.96,9440.63,1813.82,289.37,0.0,247.86,169.48
2024-07-25,amzn,10944.27,9498.94,598.01,589.37,0.0,238.42,163.98
2024-07-26,amzn,11063.8,8856.39,584.85,305.84,0.0,247.8,167.4
2024-07-27,amzn,15082.22,9154.5,1218.68,901.52,0.0,248.13,171.69
2024-07-28,ml,11127.13,11377.11,1134.81,1507.1,0.0,231.83,167.83
2024-07-29,shop,5315.09,4486.25,560.98,275.61,0.0,231.61,0.0
2024-07-30,shop,3606.18,6563.54,566.26,0.0,0.0,0.0,0.0
2024-07-31,amzn,16907.02,11441.36,1225.35,897.38,0.0,253.6,164.68
2024-08-01,ml,20873.67,11568.13,1212.5,603.24,0.0,232.67,162.48
2024-08-02,ml,12957.68,4518.2,603.97,899.83,0.0,242.95,160.03
2024-08-03,amzn,13449.74,9408.91,601.15,611.76,0.0,241.08,167.54
2024-08-04,ml,16781.83,11148.82,1686.76,610.17,0.0,230.32,166.72
2024-08-05,shop,3499.54,6452.58,577.33,284.79,0.0,0.0,157.09
2024-08-06,ml,7414.93,6944.72,608.32,911.59,0.0,236.19,0.0
2024-08-07,amzn,7392.68,9355.01,617.88,591.39,0.0,235.9,167.26
2024-08-08,shop,3592.71,6754.3,578.15,280.7,0.0,0.0,0.0
2024-08-09,ml,10976.55,13537.01,1153.76,901.25,0.0,240.7,325.25
2024-08-10,ml,16841.58,6732.59,584.73,574.11,0.0,474.61,162.75
2024-08-11,amzn,16597.12,7170.98,626.32,916.38,0.0,238.39,330.31
2024-08-12,amzn,3791.11,4512.24,585.91,0.0,0.0,240.28,328.36
2024-08-13,ml,13148.52,7012.61,577.37,604.61,0.0,236.16,0.0
2024-08-14,amzn,9646.99,4776.91,1228.73,603.28,0.0,0.0,167.55
2024-08-15,shop,8863.68,0.0,0.0,574.44,0.0,234.03,0.0
2024-08-16,amzn,13269.71,6884.97,1177.5,915.23,0.0,242.31,172.28
2024-08-17,ml,11183.64,11216.1,1827.0,876.11,0.0,459.11,169.03
2024-08-18,ml,9572.82,6812.64,1192.78,1167.12,0.0,233.52,159.22
2024-08-19,ml,14416.64,13328.37,1172.86,896.3,0.0,236.96,166.77
2024-08-20,ml,16409.34,6709.79,577.4,591.57,0.0,241.49,165.38
2024-08-21,ml,3922.53,9239.46,615.14,880.65,0.0,242.31,163.12
2024-08-22,amzn,11307.9,7071.66,602.71,603.0,0.0,249.55,169.1
2024-08-23,ml,17868.65,8930.36,1214.91,610.8,0.0,236.8,158.96
2024-08-24,shop,7117.1,4481.09,583.09,0.0,0.0,0.0,0.0
2024-08-25,ml,17542.59,11505.9,584.78,879.5,0.0,229.31,332.67
2024-08-26,ml,9330.24,7047.97,584.88,857.56,0.0,476.42,161.79
2024-08-27,amzn,9628.45,7060.46,620.44,603.49,0.0,0.0,166.03
2024-08-28,shop,0.0,4514.91,589.61,0.0,0.0,0.0,154.16
2024-08-29,ml,3679.23,6906.66,1137.51,601.82,0.0,250.49,163.61
2024-08-30,ml,18914.06,9300.62,1194.88,889.8,0.0,237.61,163.05
2024-08-31,ml,12544.65,15552.29,1768.52,904.85,0.0,232.1,320.55
2024-09-01,amzn,11069.47,6964.0,1181.08,306.42,0.0,242.97,341.22
2024-09-02,amzn,3772.71,6975.56,1212.31,617.44,0.0,238.51,172.29
2024-09-03,ml,5487.47,9077.37,574.99,301.79,0.0,231.64,164.55
2024-09-04,ml,9230.93,9202.82,585.43,305.25,0.0,246.11,163.63
2024-09-05,amzn,7388.42,7069.57,593.37,902.93,0.0,246.14,169.46
2024-09-06,shop,9039.83,0.0,567.12,837.86,0.0,230.53,159.54
2024-09-07,amzn,13225.41,6956.3,602.14,306.01,0.0,239.11,164.36
2024-09-08,amzn,11494.89,0.0,590.75,613.43,0.0,479.0,165.81
2024-09-09,ml,13051.8,9322.01,609.53,610.51,0.0,243.47,163.66
2024-09-10,ml,20512.55,6889.23,596.77,1214.18,0.0,0.0,0.0
2024-09-11,ml,7213.53,8936.01,612.15,614.95,0.0,221.62,164.67
2024-09-12,amzn,9568.35,2317.99,1202.14,305.74,0.0,252.67,168.71
2024-09-13,shop,10730.02,0.0,566.56,576.43,0.0,229.79,154.73
2024-09-14,shop,12559.76,4424.43,1185.99,278.95,0.0,230.52,0.0
2024-09-15,shop,0.0,4403.76,566.23,577.34,0.0,233.93,159.61
2024-09-16,shop,5323.04,2185.25,570.81,0.0,0.0,231.08,0.0
2024-09-17,shop,12942.3,4561.42,581.1,288.11,0.0,0.0,158.36
2024-09-18,ml,15286.01,13366.37,1152.62,296.28,0.0,234.18,165.71
2024-09-19,ml,15080.48,9250.71,1198.69,597.5,0.0,230.37,173.96
2024-09-20,ml,10924.07,9520.78,1793.5,886.15,0.0,0.0,165.28
2024-09-21,amzn,9060.7,7131.41,618.31,615.3,0.0,247.9,167.77
2024-09-22,ml,13280.19,11395.11,1202.92,559.68,0.0,233.12,0.0
2024-09-23,shop,5412.78,2160.51,587.74,0.0,0.0,225.62,164.48
2024-09-24,amzn,11200.54,0.0,0.0,618.53,0.0,246.89,164.11
2024-09-25,amzn,9697.39,4615.69,592.6,626.59,0.0,238.8,169.44
2024-09-26,ml,10950.6,8996.51,1231.75,900.88,0.0,234.24,163.08
2024-09-27,ml,14730.77,4495.28,572.9,0.0,0.0,234.42,164.02
2024-09-28,ml,28148.93,9062.31,1148.16,593.92,0.0,235.87,159.95
2024-09-29,shop,0.0,2206.13,0.0,286.92,0.0,0.0,163.89
2024-09-30,amzn,11345.1,9398.33,0.0,305.2,0.0,238.4,167.07
2024-10-01,amzn,5808.83,6808.18,1210.57,603.96,0.0,0.0,0.0
2024-10-02,ml,14919.53,6748.03,602.75,582.66,0.0,237.23,168.76
2024-10-03,ml,13324.02,9092.71,567.35,585.82,0.0,241.65,162.98
2024-10-04,ml,17092.84,6814.63,1170.07,578.75,0.0,244.87,165.74
2024-10-05,amzn,15162.35,7237.4,580.4,610.38,0.0,248.29,170.83
2024-10-06,amzn,10838.63,2337.81,612.41,604.14,0.0,0.0,0.0
2024-10-07,ml,16344.26,2206.87,1145.31,587.65,0.0,0.0,157.41
2024-10-08,shop,0.0,4458.28,0.0,283.65,0.0,226.1,0.0
2024-10-09,ml,19794.73,6916.04,597.02,597.9,0.0,236.26,164.31
2024-10-10,shop,7153.95,6615.35,585.02,582.76,0.0,0.0,0.0
2024-10-11,ml,18696.72,11125.59,1178.12,578.54,0.0,480.13,164.28
2024-10-12,ml,11470.1,14163.86,1793.04,1153.35,0.0,239.12,159.34
2024-10-13,shop,3559.09,2163.35,579.01,584.75,0.0,228.4,160.21
2024-10-14,ml,12832.4,4621.19,1176.79,575.64,0.0,239.9,160.15
2024-10-15,ml,12986.06,9158.34,578.0,598.4,0.0,242.14,163.7
2024-10-16,amzn,11449.8,11774.81,1219.63,623.53,0.0,245.24,168.53
2024-10-17,ml,20365.08,11791.54,598.19,611.09,0.0,236.03,168.18
2024-10-18,amzn,3869.53,9412.55,1227.56,919.37,0.0,236.98,165.25
2024-10-19,shop,10628.86,2185.95,576.43,290.97,0.0,0.0,0.0
2024-10-20,shop,7218.31,2259.55,1118.92,299.82,0.0,225.83,162.62
2024-10-21,ml,13115.45,9006.7,1198.2,564.28,0.0,474.79,163.23
2024-10-22,amzn,5639.49,4669.22,602.98,299.2,0.0,243.51,164.27
2024-10-23,ml,15106.31,6664.45,585.23,1203.93,0.0,229.5,0.0
2024-10-24,ml,1862.63,6700.0,1174.92,587.93,0.0,233.8,165.53
2024-10-25,ml,18863.99,11414.02,1165.56,606.6,0.0,474.66,324.42
2024-10-26,shop,0.0,2226.92,583.03,573.35,0.0,224.83,0.0
2024-10-27,shop,7255.21,0.0,556.6,287.66,0.0,230.94,157.43
2024-10-28,amzn,9355.16,7050.43,1182.04,600.68,0.0,239.52,164.97
2024-10-29,amzn,14968.75,4577.73,599.03,597.69,0.0,237.51,168.78
2024-10-30,amzn,9707.02,7159.67,622.46,597.39,0.0,241.26,165.69
2024-10-31,amzn,7676.34,4621.24,615.71,607.28,0.0,242.89,0.0
2024-11-01,amzn,12213.99,6414.67,1096.44,279.48,0.0,222.7,161.03
2024-11-02,amzn,21452.92,10953.48,1164.28,578.58,0.0,225.44,316.58
2024-11-03,ml,18290.77,6313.05,1711.43,845.51,0.0,448.17,310.27
2024-11-04,ml,13805.09,8792.14,1084.88,1137.28,0.0,437.25,310.79
2024-11-05,shop,5174.28,4156.07,511.32,263.6,0.0,208.08,0.0
2024-11-06,amzn,5330.52,6542.23,1132.0,0.0,0.0,439.16,159.16
2024-11-07,shop,10177.35,0.0,0.0,269.66,0.0,213.41,150.5
2024-11-08,ml,8201.81,10502.74,1146.32,1177.33,0.0,216.16,315.05
2024-11-09,amzn,17673.26,10654.91,556.95,873.21,0.0,224.96,159.83
2024-11-10,ml,17574.84,8644.56,574.95,550.23,0.0,458.8,308.27
2024-11-11,ml,26428.78,4192.97,1061.46,841.69,0.0,215.89,315.91
2024-11-12,ml,10675.64,8385.89,1102.79,564.5,0.0,220.75,153.86
2024-11-13,ml,15645.0,4359.01,1101.7,270.59,0.0,231.48,155.53
2024-11-14,shop,15179.66,4199.67,550.89,277.07,0.0,216.97,0.0
2024-11-15,ml,22089.15,8359.51,1139.81,831.81,0.0,220.38,312.38
2024-11-16,amzn,14192.11,6480.88,1155.27,283.37,0.0,451.66,156.73
2024-11-17,amzn,15627.2,6443.53,1103.02,284.02,0.0,228.49,326.25
2024-11-18,ml,16811.58,8879.15,1130.13,853.71,0.0,459.08,161.01
2024-11-19,amzn,13941.12,6681.05,572.59,559.18,0.0,0.0,160.68
2024-11-20,ml,14386.78,10627.95,1073.83,806.11,0.0,218.65,159.53
2024-11-21,shop,8415.39,4203.92,516.22,0.0,0.0,209.28,145.41
2024-11-22,shop,3399.35,8086.59,549.66,517.33,0.0,0.0,145.76
2024-11-23,amzn,17630.06,8631.81,1129.56,564.34,0.0,220.17,156.9
2024-11-24,amzn,15457.59,6575.9,552.25,871.86,0.0,224.44,316.1
2024-11-25,ml,16005.21,6489.06,553.17,281.42,0.0,217.97,154.15
2024-11-26,shop,1618.72,2073.96,0.0,275.31,0.0,219.84,145.1
2024-11-27,ml,25894.56,12925.59,1663.69,844.96,0.0,439.5,316.65
2024-11-28,ml,22668.97,10734.95,1614.72,1166.45,0.0,223.77,161.43
2024-11-29,ml,15783.49,4273.24,1152.86,824.79,0.0,429.77,317.45
2024-11-30,amzn,15798.77,8697.7,1734.61,858.42,0.0,227.14,322.7
2024-12-01,amzn,7082.32,6713.84,580.99,580.75,0.0,228.14,163.7
2024-12-02,amzn,9043.5,11338.3,1744.37,298.55,0.0,231.78,160.21
2024-12-03,amzn,12674.36,4551.47,589.12,585.16,0.0,244.11,163.2
2024-12-04,ml,26603.01,8883.29,1120.52,593.9,0.0,466.73,332.85
2024-12-05,shop,7120.49,8375.14,559.25,0.0,0.0,221.51,153.72
2024-12-06,amzn,17935.34,11060.47,1138.69,903.55,0.0,248.73,161.48
2024-12-07,amzn,12944.5,6825.59,1168.17,296.42,0.0,229.49,166.57
2024-12-08,ml,21685.08,11385.77,1119.63,860.68,0.0,468.87,326.9
2024-12-09,shop,8898.93,6452.6,1086.48,0.0,0.0,215.27,0.0
2024-12-10,ml,21559.09,4387.67,1184.16,865.74,0.0,455.95,158.87
2024-12-11,ml,16469.01,6665.91,1147.78,578.25,0.0,222.92,158.1
2024-12-12,amzn,9159.09,8823.48,587.34,875.18,0.0,234.97,163.19
2024-12-13,ml,12719.26,13619.73,1100.31,849.16,0.0,229.35,326.45
2024-12-14,ml,17472.39,11101.51,1132.74,1140.63,0.0,227.68,314.27
2024-12-15,amzn,13929.27,11134.84,1180.61,566.16,0.0,238.88,333.02
2024-12-16,ml,19964.88,11023.34,575.44,875.75,0.0,226.5,160.03
2024-12-17,shop,7045.21,10608.64,1063.45,271.42,0.0,0.0,324.03
2024-12-18,ml,34551.85,11350.38,1151.17,857.49,0.0,232.85,160.72
2024-12-19,amzn,12731.96,11240.3,589.2,890.21,0.0,453.67,325.29
2024-12-20,amzn,17036.25,13585.22,599.93,595.72,0.0,230.27,164.83
2024-12-21,amzn,14569.95,6849.27,1154.49,565.09,0.0,234.02,161.86
2024-12-22,amzn,16682.6,13342.49,1117.36,584.8,0.0,236.72,157.11
2024-12-23,amzn,18600.11,6797.8,1146.5,295.63,0.0,480.83,324.35
2024-12-24,shop,0.0,6468.3,543.47,278.58,0.0,0.0,0.0
2024-12-25,ml,21479.58,10716.46,1163.32,884.4,0.0,455.29,154.61
2024-12-26,ml,30223.52,11116.13,1084.13,564.73,0.0,450.19,159.47
2024-12-27,amzn,16047.66,6765.37,579.67,561.87,0.0,235.31,312.45
2024-12-28,shop,14403.67,6449.71,571.51,848.41,0.0,220.76,153.74
2024-12-29,ml,27248.54,15495.36,1146.59,851.99,0.0,455.68,481.44
2024-12-30,amzn,14838.45,6806.67,595.4,565.27,0.0,233.33,163.28
2024-12-31,shop,9275.46,6605.05,1074.84,554.82,0.0,0.0,0.0
2025-01-01,amzn,3814.64,9088.42,1167.36,928.3,0.0,238.28,167.71
2025-01-02,shop,12273.52,2195.52,1178.63,279.65,0.0,225.41,157.1
2025-01-03,amzn,15100.6,9432.1,1208.44,632.22,0.0,243.08,168.04
2025-01-04,amzn,13006.39,11746.91,1208.49,593.88,0.0,226.42,336.39
2025-01-05,ml,22108.76,18411.3,1155.45,1778.85,0.0,466.66,323.35
2025-01-06,shop,7143.02,4664.79,1148.01,0.0,0.0,223.68,160.45
2025-01-07,ml,16517.67,9233.88,1154.79,592.41,0.0,483.73,165.5
2025-01-08,amzn,16579.75,9518.54,1234.63,602.38,0.0,238.87,334.88
2025-01-09,ml,13413.74,11332.27,1246.36,574.29,0.0,467.06,345.22
2025-01-10,amzn,19063.26,6842.37,608.84,1276.27,0.0,240.77,167.53
2025-01-11,amzn,11318.73,9249.49,595.34,1495.04,0.0,238.13,167.06
2025-01-12,amzn,13466.0,9440.54,1144.89,598.03,0.0,239.06,166.58
2025-01-13,shop,18172.11,4457.27,1107.1,292.46,0.0,229.39,313.0
2025-01-14,ml,26142.76,11494.26,1827.95,613.4,0.0,468.37,333.8
2025-01-15,amzn,15367.69,9268.1,590.59,617.61,0.0,238.93,165.69
2025-01-16,ml,14896.6,11317.06,1173.11,866.55,0.0,231.41,162.77
2025-01-17,ml,16937.94,9089.03,1197.37,891.68,0.0,230.73,488.6
2025-01-18,amzn,19235.43,7082.15,1241.75,871.91,0.0,241.29,329.38
2025-01-19,ml,22357.72,6956.41,1177.16,1205.19,0.0,475.26,317.75
2025-01-20,ml,18489.14,6703.7,1172.31,858.84,0.0,229.43,163.12
2025-01-21,amzn,13671.01,4724.96,603.86,594.3,0.0,244.66,170.93
2025-01-22,amzn,15015.1,9186.86,1190.86,603.96,0.0,244.68,168.66
2025-01-23,amzn,9549.15,7046.47,596.08,914.06,0.0,245.7,173.24
2025-01-24,ml,16852.26,9086.82,1191.62,883.25,0.0,237.6,167.11
2025-01-25,ml,25682.44,9407.5,1779.39,1219.81,0.0,478.38,332.73
2025-01-26,ml,14616.77,11306.96,1232.27,1200.96,0.0,246.5,170.84
2025-01-27,amzn,13171.12,11676.56,1216.59,305.89,0.0,239.55,167.67
2025-01-28,shop,5347.58,6712.41,1172.08,279.85,0.0,0.0,159.8
2025-01-29,ml,19832.36,11203.0,1156.56,918.06,0.0,0.0,0.0
2025-01-30,amzn,13092.16,6970.83,1218.67,594.3,0.0,249.46,173.19
2025-01-31,ml,28004.82,11341.51,1747.19,1224.98,0.0,244.54,329.3
2025-02-01,ml,28561.8,13542.15,1786.84,1539.65,0.0,231.81,487.52
2025-02-02,ml,11266.15,11302.02,1797.23,1195.98,0.0,232.74,166.58
2025-02-03,ml,19366.03,6993.53,1183.06,906.21,0.0,234.65,161.95
2025-02-04,amzn,11515.83,9196.57,1264.06,850.14,0.0,246.9,169.79
2025-02-05,shop,7120.61,0.0,589.21,857.34,0.0,223.06,160.92
2025-02-06,ml,20613.21,11474.04,1209.71,1209.94,0.0,453.78,328.03
2025-02-07,amzn,11366.79,9047.94,1224.43,615.17,0.0,0.0,339.8
2025-02-08,amzn,22652.37,9404.65,1248.53,1178.53,0.0,485.01,163.0
2025-02-09,shop,8982.85,10740.77,1112.77,570.43,0.0,231.03,160.12
2025-02-10,amzn,9470.75,4712.46,1239.05,573.36,0.0,240.01,166.45
2025-02-11,ml,19070.34,11286.64,1737.67,895.21,0.0,0.0,174.06
2025-02-12,amzn,13259.78,9309.56,596.19,871.87,0.0,233.7,168.52
2025-02-13,ml,24666.45,11107.14,1792.72,1210.61,0.0,464.42,325.35
2025-02-14,shop,12838.64,4432.12,586.98,587.37,0.0,229.43,155.2
2025-02-15,ml,30110.01,11613.69,1154.61,1465.76,0.0,225.45,337.88
2025-02-16,amzn,27409.31,11447.22,1790.46,610.3,0.0,239.54,166.82
2025-02-17,ml,15188.59,13516.61,2368.37,884.02,0.0,234.46,324.07
2025-02-18,ml,22081.11,11505.97,1766.21,1189.57,0.0,469.5,331.49
2025-02-19,shop,5478.06,8927.42,1165.27,280.32,0.0,226.43,323.35
2025-02-20,amzn,13006.99,6641.14,1288.87,1528.8,0.0,472.4,340.26
2025-02-21,amzn,16650.77,12103.99,608.06,876.26,0.0,232.22,336.13
2025-02-22,shop,7485.64,4468.04,564.43,552.8,0.0,229.61,160.11
2025-02-23,shop,7063.18,8965.85,1115.99,572.4,0.0,227.58,160.34
2025-02-24,ml,18996.69,15917.39,1174.19,589.42,0.0,229.68,165.75
2025-02-25,amzn,9497.44,6721.96,591.66,607.29,0.0,241.3,169.43
2025-02-26,amzn,18790.77,2358.4,1217.28,894.23,0.0,239.58,171.68
2025-02-27,amzn,13253.11,9202.78,1216.9,626.78,0.0,238.78,168.19
2025-02-28,ml,30749.17,13831.61,1170.93,890.73,0.0,225.99,323.9
2025-03-01,ml,22279.07,13622.88,1843.2,1486.69,0.0,478.81,328.33
2025-03-02,shop,10567.6,6663.52,1128.85,864.1,0.0,0.0,162.01
2025-03-03,shop,5358.04,8705.54,571.48,585.31,0.0,229.24,0.0
2025-03-04,shop,18335.65,6746.6,1160.35,290.21,0.0,225.25,153.92
2025-03-05,shop,16284.62,8632.43,583.07,578.87,0.0,227.17,325.06
2025-03-06,amzn,18388.26,12157.54,1236.82,612.89,0.0,246.55,346.22
2025-03-07,amzn,9636.36,12155.77,1216.34,581.96,0.0,243.56,163.75
2025-03-08,amzn,18947.31,12014.93,1847.02,582.41,0.0,246.45,168.34
2025-03-09,amzn,11246.71,11931.8,1189.96,603.08,0.0,242.59,166.66
2025-03-10,amzn,21156.29,6969.2,614.07,601.61,0.0,485.82,334.25
2025-03-11,ml,25912.45,11668.33,1804.9,898.18,0.0,227.77,331.29
2025-03-12,amzn,16657.39,13935.14,621.25,906.36,0.0,239.47,163.66
2025-03-13,ml,9628.66,11048.03,1142.44,898.21,0.0,235.12,321.99
2025-03-14,ml,14851.66,14094.12,1160.44,1442.94,0.0,241.96,0.0
2025-03-15,amzn,20811.07,9518.14,1225.85,905.81,0.0,238.56,335.02
2025-03-16,ml,23946.7,9116.12,1678.81,1152.09,0.0,237.43,321.86
2025-03-17,ml,22811.12,8898.32,1193.51,894.75,0.0,237.25,334.48
2025-03-18,shop,3562.7,8738.93,584.99,552.24,0.0,234.25,0.0
2025-03-19,shop,12212.36,6390.4,1132.49,577.8,0.0,228.34,158.25
2025-03-20,ml,25646.5,6970.69,1757.57,1149.06,0.0,480.18,496.71
2025-03-21,ml,9531.9,8829.34,1734.73,881.07,0.0,228.13,328.43
2025-03-22,ml,24544.09,18348.34,1754.33,1205.03,0.0,228.56,167.4
2025-03-23,amzn,18853.35,9150.94,597.06,910.12,0.0,229.99,164.86
2025-03-24,shop,9248.47,2147.57,1130.05,277.46,0.0,232.55,0.0
2025-03-25,ml,13194.16,16039.32,1164.44,875.94,0.0,478.72,490.86
2025-03-26,amzn,11309.38,9245.86,1199.46,585.86,0.0,245.32,168.2
2025-03-27,ml,18509.38,11593.45,1175.19,571.86,0.0,232.98,160.55
2025-03-28,ml,22431.98,11113.23,2452.36,1186.63,0.0,467.04,320.14
2025-03-29,shop,7081.19,8708.67,568.33,870.34,0.0,228.4,0.0
2025-03-30,ml,22287.21,10857.81,1785.02,895.7,0.0,486.0,324.29
2025-03-31,ml,20554.15,13085.0,1168.24,1198.11,0.0,244.18,319.71
2025-04-01,amzn,18310.64,9642.75,595.89,603.86,0.0,244.83,342.49
2025-04-02,amzn,13214.77,9695.88,1164.89,600.7,0.0,485.19,165.88
2025-04-03,shop,8946.69,6644.25,1109.69,280.74,0.0,235.06,163.27
2025-04-04,shop,12860.86,6522.68,559.02,853.12,0.0,227.78,159.69
2025-04-05,ml,14308.73,15867.94,1779.33,1152.55,0.0,468.67,165.61
2025-04-06,ml,23958.09,9281.21,603.66,1454.79,0.0,235.57,327.89
2025-04-07,amzn,15013.93,4606.12,1162.91,605.07,0.0,472.57,159.08
2025-04-08,ml,18927.59,11456.49,1168.9,885.79,0.0,470.71,321.79
2025-04-09,shop,14389.46,6630.26,557.19,304.49,0.0,223.83,159.2
2025-04-10,amzn,7852.29,9202.11,1199.63,881.61,0.0,245.94,169.23
2025-04-11,ml,13171.87,13538.76,1207.31,1180.88,0.0,477.5,317.49
2025-04-12,shop,14283.84,6670.86,567.73,557.46,0.0,235.5,159.43
2025-04-13,ml,20526.02,13415.43,1180.76,1468.32,0.0,228.48,321.89
2025-04-14,amzn,15052.65,7044.07,620.55,1199.61,0.0,250.17,168.79
2025-04-15,amzn,15420.57,9220.21,608.52,921.31,0.0,233.42,167.93
2025-04-16,amzn,18445.1,6998.78,1187.67,598.57,0.0,235.22,341.0
2025-04-17,amzn,18637.82,14348.46,604.92,902.53,0.0,476.02,171.58
2025-04-18,amzn,19122.71,4638.34,1186.04,598.8,0.0,247.3,169.54
2025-04-19,shop,11066.3,9005.27,577.67,836.58,0.0,229.98,162.35
2025-04-20,shop,1720.97,2131.42,1157.51,566.32,0.0,227.83,316.96
2025-04-21,amzn,21418.02,9220.44,1173.02,899.08,0.0,0.0,0.0
2025-04-22,ml,25926.53,11408.61,1186.02,1185.59,0.0,459.36,321.25
2025-04-23,amzn,20059.61,4833.02,1804.75,1221.5,0.0,246.46,166.23
2025-04-24,shop,6768.69,6371.98,579.09,571.11,0.0,232.61,162.48
2025-04-25,ml,28804.73,13656.43,2403.06,1177.87,0.0,485.14,334.24
2025-04-26,amzn,22731.04,4789.59,608.76,1166.43,0.0,242.91,339.28
2025-04-27,amzn,22710.03,9161.86,1198.69,915.78,0.0,228.27,170.27
2025-04-28,ml,18806.18,15895.27,1203.94,875.52,0.0,460.6,315.56
2025-04-29,amzn,14993.4,11712.2,592.47,919.54,0.0,243.24,173.34
2025-04-30,ml,23607.29,11444.38,1150.67,1215.01,0.0,468.87,327.94
2025-05-01,amzn,19432.42,11279.39,1061.19,848.44,0.0,224.01,323.71
2025-05-02,shop,5080.12,8386.6,537.72,264.17,0.0,210.46,143.92
2025-05-03,shop,13600.36,10665.97,1059.26,269.6,0.0,219.29,150.79
2025-05-04,ml,22335.58,12769.19,1119.81,840.43,0.0,448.07,306.03
2025-05-05,ml,19548.61,8447.54,1600.75,552.89,0.0,448.47,156.53
2025-05-06,amzn,17591.62,8710.02,1118.97,561.36,0.0,447.34,158.92
2025-05-07,shop,9976.8,6089.52,543.54,545.45,0.0,215.97,151.12
2025-05-08,amzn,22905.7,4417.06,1110.29,860.12,0.0,220.48,309.15
2025-05-09,shop,6914.45,6185.92,542.89,535.64,0.0,214.65,149.85
2025-05-10,ml,17410.38,16918.65,1647.89,538.0,0.0,210.78,308.41
2025-05-11,shop,11681.11,8394.94,1076.25,544.3,0.0,0.0,151.51
2025-05-12,ml,23114.1,12567.59,1686.29,1095.73,0.0,220.58,315.65
2025-05-13,ml,16384.36,13060.0,1698.21,1117.58,0.0,0.0,155.23
2025-05-14,amzn,12521.39,8665.82,2271.47,569.48,0.0,218.38,153.89
2025-05-15,ml,14310.01,13159.96,1639.32,1070.77,0.0,432.97,310.19
2025-05-16,ml,24945.86,10633.97,1651.18,1671.92,0.0,445.94,325.69
2025-05-17,ml,20694.35,10853.62,1687.68,1124.26,0.0,459.73,319.71
2025-05-18,amzn,17822.49,13171.41,1110.49,862.49,0.0,454.91,148.53
2025-05-19,amzn,17356.08,11099.62,564.8,569.09,0.0,229.72,158.12
2025-05-20,ml,17385.19,8593.38,1102.39,801.6,0.0,220.51,315.29
2025-05-21,amzn,17589.91,10573.05,1131.3,873.39,0.0,0.0,314.69
2025-05-22,shop,10071.6,6359.81,527.61,543.81,0.0,215.57,148.64
2025-05-23,ml,24072.9,12839.24,1604.73,814.52,0.0,219.09,461.81
2025-05-24,ml,27770.41,15242.37,2245.08,1095.28,0.0,450.45,312.94
2025-05-25,shop,8551.24,8426.79,1097.72,541.87,0.0,208.3,146.58
2025-05-26,shop,10129.14,6137.62,519.18,546.71,0.0,219.04,153.59
2025-05-27,amzn,20578.56,12884.16,1142.0,562.22,0.0,226.72,157.74
2025-05-28,shop,10001.9,6315.74,1100.29,274.14,0.0,214.29,0.0
2025-05-29,ml,13541.01,12783.79,1686.31,804.68,0.0,429.43,158.24
2025-05-30,ml,22804.53,8735.12,550.85,1089.61,0.0,435.32,299.96
2025-05-31,amzn,12594.62,13077.5,1112.25,816.48,0.0,231.97,156.17
2025-06-01,ml,27999.43,13962.82,1775.69,1162.59,0.0,235.19,325.52
2025-06-02,amzn,20516.73,11733.5,1211.98,622.22,0.0,242.34,350.41
2025-06-03,amzn,17139.2,4680.8,1208.31,943.29,0.0,236.76,331.4
2025-06-04,amzn,16894.64,6928.78,1201.66,910.25,0.0,240.86,321.52
2025-06-05,amzn,16666.75,14026.9,1179.89,1192.58,0.0,468.77,166.05
2025-06-06,ml,28269.85,14009.19,1787.81,1473.24,0.0,709.96,332.28
2025-06-07,ml,22649.8,9111.95,1193.01,1493.81,127.7,475.86,501.67
2025-06-08,ml,26492.81,16132.81,1779.94,1146.83,0.0,475.39,516.41
2025-06-09,amzn,18719.44,6987.47,1208.68,895.63,0.0,473.29,172.73
2025-06-10,ml,17108.13,13716.86,1221.57,1217.81,0.0,469.13,330.52
2025-06-11,ml,16548.91,11795.32,583.56,869.31,0.0,238.72,323.41
2025-06-12,ml,13169.61,11676.35,1212.17,874.58,0.0,470.36,339.98
2025-06-13,ml,14704.99,13704.49,1164.53,1184.15,0.0,469.65,326.85
2025-06-14,shop,3584.37,4440.26,585.56,577.05,0.0,237.67,315.0
2025-06-15,ml,26507.59,11242.24,1816.55,876.78,0.0,463.38,326.53
2025-06-16,shop,17893.8,6609.01,1138.99,574.68,0.0,233.9,155.6
2025-06-17,ml,24186.28,11472.86,1221.14,898.68,0.0,230.73,163.11
2025-06-18,amzn,9397.3,4733.18,608.66,313.85,0.0,244.16,167.22
2025-06-19,amzn,19615.6,4723.74,1184.84,602.47,0.0,244.41,170.46
2025-06-20,ml,29022.78,13379.21,1759.55,1182.86,0.0,467.54,326.72
2025-06-21,shop,8899.79,4507.69,1171.66,591.33,0.0,223.38,155.55
2025-06-22,shop,10606.02,4413.45,1166.85,851.25,0.0,219.93,154.48
2025-06-23,shop,1779.95,2167.01,560.73,279.3,0.0,226.13,160.27
2025-06-24,ml,20849.5,9365.65,1178.59,892.32,0.0,238.67,164.88
2025-06-25,ml,15295.98,11735.99,1186.69,302.33,0.0,231.09,325.63
2025-06-26,amzn,14947.52,9357.1,1193.76,608.36,0.0,241.47,332.86
2025-06-27,ml,12811.72,9251.15,1856.42,886.16,0.0,458.41,331.84
2025-06-28,amzn,20362.59,14176.3,1211.64,879.76,0.0,239.87,345.34
2025-06-29,amzn,21389.59,7175.88,1204.51,1206.59,0.0,235.47,330.76
2025-06-30,amzn,11624.92,7082.65,1234.72,928.34,0.0,0.0,0.0
2025-07-01,shop,5389.3,8607.8,1137.33,559.64,0.0,226.66,162.66
2025-07-02,amzn,9210.44,12102.68,1230.3,901.57,0.0,235.26,496.18
2025-07-03,ml,19894.25,11645.32,1142.46,1174.67,0.0,466.14,329.18
2025-07-04,ml,18634.38,11286.11,585.58,875.49,0.0,463.53,329.03
2025-07-05,amzn,15326.56,15953.57,1231.3,910.49,0.0,469.33,327.19
2025-07-06,amzn,19983.62,14102.96,1243.87,304.68,0.0,246.22,168.57
2025-07-07,ml,20296.82,9071.08,1163.6,895.57,0.0,468.96,329.49
2025-07-08,ml,17254.86,11477.55,1160.85,1160.71,0.0,225.78,166.47
2025-07-09,amzn,13207.29,9446.39,1219.69,1168.23,0.0,475.99,328.02
2025-07-10,shop,16684.96,4371.21,0.0,576.81,0.0,233.14,319.26
2025-07-11,amzn,23035.19,11375.28,1199.52,896.83,0.0,474.66,345.29
2025-07-12,ml,27252.42,16086.4,1803.89,1227.37,0.0,486.51,342.96
2025-07-13,ml,25847.21,15792.93,1753.53,1228.46,0.0,464.27,337.71
2025-07-14,amzn,11340.73,11669.0,579.3,314.02,0.0,243.43,164.05
2025-07-15,ml,21860.66,11095.96,1151.13,1161.58,0.0,482.15,332.25
2025-07-16,amzn,14865.94,6945.79,603.12,916.32,0.0,243.17,166.38
2025-07-17,amzn,15616.85,11801.37,1161.05,921.78,0.0,234.37,337.91
2025-07-18,ml,23670.39,11540.48,1174.86,901.35,0.0,231.73,324.19
2025-07-19,ml,20868.71,15711.53,1723.46,1175.45,0.0,483.41,318.0
2025-07-20,ml,22090.66,11135.88,610.32,910.59,0.0,464.76,327.01
2025-07-21,shop,10795.96,2211.35,0.0,286.9,0.0,233.42,161.91
2025-07-22,amzn,0.0,4706.22,590.24,908.32,0.0,238.93,168.97
2025-07-23,ml,23853.29,13793.64,1187.95,860.57,0.0,236.85,165.97
2025-07-24,shop,0.0,4376.01,561.85,581.2,0.0,222.6,0.0
2025-07-25,amzn,12722.08,14045.16,1198.54,300.43,0.0,476.14,169.36
2025-07-26,amzn,26763.31,11984.6,1249.5,1219.23,0.0,236.78,339.56
2025-07-27,shop,10268.22,6659.16,567.5,864.75,0.0,229.98,158.72
2025-07-28,ml,11092.05,15441.81,1175.12,891.09,0.0,236.62,164.91
2025-07-29,ml,15110.63,9158.91,1159.6,887.07,0.0,476.73,340.76
2025-07-30,amzn,19185.85,4844.25,1233.65,920.25,0.0,238.64,168.48
2025-07-31,ml,10853.25,13330.46,1657.12,884.35,0.0,231.79,329.56
2025-08-01,amzn,20357.37,6985.15,597.66,879.63,0.0,241.88,168.35
2025-08-02,ml,21978.26,11350.69,1771.19,897.98,0.0,231.32,163.92
2025-08-03,ml,13048.12,9139.33,1166.25,873.51,0.0,241.27,326.41
2025-08-04,ml,14253.04,11446.6,1202.29,1152.49,0.0,235.64,165.33
2025-08-05,amzn,7578.0,4760.11,617.5,887.48,0.0,239.43,166.3
2025-08-06,ml,20555.34,9137.31,574.25,595.27,0.0,238.36,328.32
2025-08-07,ml,24005.64,14032.29,1231.37,886.17,0.0,471.64,162.04
2025-08-08,shop,1819.16,2205.45,556.54,274.66,0.0,221.36,159.94
2025-08-09,ml,20519.51,11322.45,1212.34,1174.76,0.0,462.33,333.13
2025-08-10,ml,14695.86,8999.76,1185.42,605.76,0.0,482.35,327.88
2025-08-11,ml,21422.23,6592.75,584.99,879.87,0.0,236.58,316.05
2025-08-12,ml,11172.33,6879.11,1172.2,884.94,0.0,228.24,333.17
2025-08-13,ml,23682.11,9496.57,1181.09,906.4,0.0,237.84,330.07
2025-08-14,amzn,13111.57,7044.98,605.51,920.41,0.0,238.3,164.66
2025-08-15,ml,13124.27,9247.13,1160.13,906.02,0.0,464.1,167.19
2025-08-16,shop,5553.84,4384.78,0.0,270.99,0.0,223.71,0.0
2025-08-17,shop,5396.64,4399.69,564.02,296.85,0.0,0.0,162.94
2025-08-18,ml,11266.07,11626.84,1153.16,1198.91,0.0,226.9,164.45
2025-08-19,ml,16231.04,11860.37,1162.56,621.06,0.0,232.22,157.17
2025-08-20,ml,11197.32,7044.97,1154.7,873.99,0.0,236.75,165.23
2025-08-21,amzn,3785.46,9457.9,1195.87,582.7,0.0,248.61,166.64
2025-08-22,ml,15222.05,9128.25,596.05,592.01,0.0,238.8,325.61
2025-08-23,shop,1780.79,6659.77,574.23,285.32,0.0,225.08,314.49
2025-08-24,amzn,9429.21,9167.73,1253.62,917.84,0.0,248.37,167.57
2025-08-25,shop,3676.75,4293.24,1095.05,293.07,0.0,0.0,0.0
2025-08-26,amzn,5674.54,2274.56,608.66,301.47,0.0,0.0,0.0
2025-08-27,shop,15842.94,4425.7,572.92,285.52,0.0,0.0,163.66
2025-08-28,ml,19518.73,13602.85,600.58,897.16,0.0,464.04,327.67
2025-08-29,ml,18170.39,8853.76,599.41,1766.66,0.0,478.95,324.46
2025-08-30,ml,9273.48,11393.79,1177.98,881.84,0.0,233.75,160.92
2025-08-31,shop,5438.2,2196.57,574.83,292.85,0.0,232.13,0.0
2025-09-01,amzn,9525.71,2272.42,0.0,928.83,0.0,232.13,0.0
2025-09-02,shop,3586.84,4388.57,579.88,0.0,0.0,0.0,0.0
2025-09-03,ml,22202.85,6797.46,1137.47,884.89,0.0,234.23,325.44
2025-09-04,shop,3583.58,4366.77,1163.5,823.87,0.0,234.21,0.0
2025-09-05,amzn,11116.24,9480.51,1205.44,602.21,0.0,240.79,328.58
2025-09-06,amzn,11858.96,2238.44,1194.25,297.42,0.0,247.02,165.92
2025-09-07,shop,7169.32,0.0,570.19,286.16,0.0,231.27,159.63
2025-09-08,ml,11275.63,4561.22,1178.12,875.96,0.0,235.58,165.41
2025-09-09,ml,12912.69,6854.53,1212.55,887.51,0.0,239.9,162.05
2025-09-10,amzn,11289.33,4691.62,642.0,295.72,0.0,244.83,167.69
2025-09-11,ml,12881.29,11279.39,1816.07,576.76,0.0,238.41,167.57
2025-09-12,ml,17995.36,11192.97,1168.52,606.39,0.0,225.35,318.33
2025-09-13,ml,20362.48,11400.63,1196.77,870.66,0.0,231.54,329.24
2025-09-14,ml,14735.86,9041.28,1197.8,1183.85,0.0,242.72,161.51
2025-09-15,shop,5527.29,4558.46,1124.5,584.75,0.0,223.2,156.24
2025-09-16,amzn,16646.81,4623.82,1175.59,922.57,0.0,245.25,168.88
2025-09-17,ml,12849.65,9112.14,590.19,300.66,0.0,479.03,162.84
2025-09-18,ml,12766.11,4786.72,1200.97,297.75,0.0,232.75,160.63
2025-09-19,amzn,15597.38,9271.74,583.56,919.12,0.0,231.38,344.9
2025-09-20,amzn,20482.54,9411.53,1188.61,310.29,0.0,0.0,171.09
2025-09-21,shop,3640.99,4478.45,0.0,289.34,0.0,238.47,153.43
2025-09-22,shop,11011.08,2242.99,573.33,276.36,0.0,225.0,154.89
2025-09-23,ml,7406.69,9174.65,1215.36,585.66,0.0,232.43,333.19
2025-09-24,ml,14447.7,2289.3,1148.52,600.16,0.0,0.0,327.4
2025-09-25,amzn,18432.99,6995.01,631.37,596.42,0.0,246.86,173.04
2025-09-26,amzn,17348.27,6900.58,1753.36,935.36,0.0,479.66,170.07
2025-09-27,amzn,12930.56,7026.45,1735.58,904.86,0.0,0.0,338.01
2025-09-28,amzn,9549.29,9685.65,602.29,605.03,0.0,247.81,329.13
2025-09-29,amzn,11396.0,4766.69,589.32,617.59,0.0,0.0,169.65
2025-09-30,ml,13097.75,4588.64,1180.96,589.76,0.0,231.84,160.44
2025-10-01,ml,9373.08,6958.48,1180.14,297.0,0.0,230.4,168.94
2025-10-02,ml,14579.37,8963.27,1177.25,602.56,0.0,0.0,0.0
2025-10-03,ml,16387.8,9074.31,1161.97,861.74,0.0,236.26,323.85
2025-10-04,ml,15069.23,11618.45,1788.16,882.81,0.0,457.73,167.29
2025-10-05,amzn,7484.59,9584.85,599.17,0.0,0.0,232.41,175.53
2025-10-06,ml,7019.82,4490.6,1207.97,592.7,0.0,230.91,327.85
2025-10-07,ml,15049.57,6775.21,588.81,913.94,0.0,230.33,166.45
2025-10-08,amzn,12990.08,9714.08,1182.73,584.96,0.0,0.0,333.1
2025-10-09,amzn,13388.93,2331.48,1165.29,291.79,0.0,235.7,168.29
2025-10-10,ml,20997.15,9454.49,1177.81,1202.06,0.0,463.68,159.68
2025-10-11,shop,9004.27,4439.59,1116.62,291.87,0.0,0.0,0.0
2025-10-12,shop,9180.51,4443.07,557.38,571.58,0.0,0.0,159.74
2025-10-13,amzn,13305.8,4625.56,609.36,608.84,0.0,0.0,0.0
2025-10-14,amzn,9775.82,4741.73,581.56,613.0,0.0,0.0,161.97
2025-10-15,ml,12723.56,14054.32,1215.26,582.29,0.0,238.59,163.72
2025-10-16,shop,17999.54,2164.89,574.68,848.53,0.0,227.86,163.71
2025-10-17,ml,15056.82,6793.16,1180.84,1188.33,0.0,238.07,163.84
2025-10-18,shop,7173.58,2251.11,0.0,584.18,0.0,0.0,0.0
2025-10-19,amzn,15509.35,11604.85,612.22,884.87,0.0,241.59,165.2
2025-10-20,ml,18410.53,9031.83,590.91,589.58,0.0,249.25,161.57
2025-10-21,ml,9669.8,9306.02,1165.66,883.54,0.0,240.48,158.63
2025-10-22,amzn,17778.88,4756.71,1210.82,304.52,0.0,235.79,331.77
2025-10-23,amzn,11434.14,4612.15,1165.41,603.89,0.0,0.0,329.35
2025-10-24,ml,11265.75,6870.44,571.61,292.73,0.0,232.44,165.03
2025-10-25,amzn,19401.64,13624.55,1178.98,309.54,0.0,243.15,165.35
2025-10-26,shop,10545.03,6513.17,576.85,567.61,0.0,222.65,158.07
2025-10-27,amzn,5535.83,4665.56,602.96,300.24,0.0,235.66,166.48
2025-10-28,amzn,21368.8,9313.85,615.65,292.39,0.0,242.66,167.84
2025-10-29,ml,18672.76,6709.08,1160.13,875.21,0.0,240.89,162.9
2025-10-30,amzn,11318.49,2293.68,1219.86,1220.47,0.0,243.42,164.43
2025-10-31,ml,26005.18,11159.42,589.59,1191.43,0.0,480.43,329.84
2025-11-01,shop,11280.36,8387.69,1056.65,545.84,0.0,216.82,153.23
2025-11-02,ml,19129.23,12355.65,559.76,843.8,0.0,445.55,310.32
2025-11-03,amzn,10526.83,6429.38,566.07,887.2,0.0,224.26,155.99
2025-11-04,ml,21332.72,10318.82,1645.48,1096.17,0.0,225.62,154.38
2025-11-05,ml,21364.97,12969.58,1111.9,807.58,0.0,453.12,296.83
2025-11-06,amzn,14414.76,8434.06,565.35,555.83,0.0,226.25,314.96
2025-11-07,amzn,12567.72,8755.07,1130.16,839.65,0.0,226.01,156.66
2025-11-08,amzn,17279.56,6777.32,1124.29,835.04,0.0,233.75,309.94
2025-11-09,shop,10273.35,6442.68,1048.85,270.19,0.0,215.13,0.0
2025-11-10,shop,3427.07,8011.83,539.28,276.44,0.0,215.54,148.79
2025-11-11,shop,1734.38,2090.41,529.83,555.98,0.0,0.0,153.0
2025-11-12,ml,25474.79,12607.4,1632.44,1124.03,0.0,221.57,316.28
2025-11-13,amzn,6884.0,10675.92,1128.18,888.11,0.0,222.82,154.99
2025-11-14,shop,11753.61,8293.18,546.38,803.29,0.0,216.84,148.47
2025-11-15,ml,20637.11,15374.05,1115.09,807.36,0.0,443.67,306.47
2025-11-16,ml,22772.06,8677.37,549.58,1136.25,0.0,230.19,314.53
2025-11-17,shop,6770.75,2048.29,0.0,519.54,0.0,218.61,150.46
2025-11-18,amzn,17729.61,6654.67,574.03,1397.97,0.0,223.84,158.21
2025-11-19,amzn,12725.37,10446.12,1079.3,286.83,0.0,229.84,159.61
2025-11-20,shop,11584.71,4093.44,1094.13,269.13,0.0,216.54,0.0
2025-11-21,amzn,22674.72,8605.35,1091.15,848.39,0.0,232.47,162.23
2025-11-22,amzn,15703.3,4381.61,1101.55,831.53,0.0,448.33,315.83
2025-11-23,ml,24263.31,14944.56,1649.31,1390.71,0.0,445.69,304.22
2025-11-24,ml,15325.02,12825.4,1159.19,567.57,0.0,443.14,308.1
2025-11-25,ml,24415.69,14952.99,1722.36,1113.25,0.0,222.27,317.15
2025-11-26,amzn,19529.45,10941.8,574.83,837.5,0.0,445.06,156.58
2025-11-27,shop,13324.93,6301.38,1084.64,525.91,0.0,217.69,152.87
2025-11-28,ml,33747.42,12900.21,1604.38,821.09,0.0,447.73,152.83
2025-11-29,ml,19179.56,10657.21,1114.45,1121.54,0.0,227.72,152.39
2025-11-30,shop,5184.6,4189.42,532.56,814.62,0.0,215.17,152.0
2025-12-01,ml,16149.24,17988.76,1691.55,847.45,0.0,454.42,313.82
2025-12-02,amzn,20209.87,11160.44,1173.44,559.98,0.0,237.46,331.28
2025-12-03,amzn,19992.06,9018.03,1158.8,886.2,0.0,230.06,164.11
2025-12-04,amzn,18378.91,11548.21,1190.16,863.04,0.0,238.84,320.23
2025-12-05,ml,16443.42,8653.04,1102.04,873.11,0.0,234.06,318.95
2025-12-06,amzn,25522.39,16370.63,1171.57,865.53,0.0,239.65,161.17
2025-12-07,ml,18200.64,10764.0,1126.27,844.23,0.0,461.64,321.63
2025-12-08,amzn,23507.52,11207.99,1160.24,587.67,0.0,462.99,338.23
2025-12-09,ml,34745.94,13020.05,1730.11,601.24,0.0,459.19,317.03
2025-12-10,amzn,18168.31,11779.81,1143.68,891.99,0.0,235.55,329.4
2025-12-11,amzn,22433.52,11172.33,1173.66,881.21,0.0,231.15,326.08
2025-12-12,ml,25250.17,15329.22,1712.33,1156.57,0.0,470.41,479.33
2025-12-13,ml,22274.2,15369.51,1696.92,1108.11,0.0,463.5,477.52
2025-12-14,ml,19357.89,11081.38,1135.63,841.91,0.0,450.01,313.92
2025-12-15,ml,17482.04,10987.58,1714.32,1090.66,0.0,237.72,482.31
2025-12-16,ml,14233.49,15443.17,1128.82,891.04,0.0,459.08,317.56
2025-12-17,shop,18676.74,5978.92,555.74,286.79,0.0,0.0,152.01
2025-12-18,ml,22770.41,11072.88,1140.05,868.01,0.0,450.58,325.88
2025-12-19,shop,15911.55,6435.28,548.87,279.05,0.0,457.38,155.12
2025-12-20,shop,12222.68,10944.36,573.33,269.66,0.0,230.19,154.11
2025-12-21,ml,23193.37,15889.72,1733.92,1143.29,0.0,467.44,491.94
2025-12-22,amzn,23711.01,11243.58,1160.87,303.44,0.0,239.94,313.95
2025-12-23,shop,12077.69,6538.01,557.29,837.07,0.0,227.49,158.75
2025-12-24,amzn,20887.05,11037.3,572.9,1158.53,0.0,472.75,160.09
2025-12-25,amzn,21733.33,11459.15,1159.6,847.92,0.0,470.62,327.3
2025-12-26,amzn,17895.44,11156.73,1743.5,903.08,0.0,472.59,322.09
2025-12-27,ml,23790.87,17277.07,1676.75,1433.39,0.0,464.93,470.26
2025-12-28,amzn,12811.53,13492.87,1768.32,847.94,0.0,230.3,167.24
2025-12-29,shop,10904.68,4408.78,550.05,546.3,0.0,450.67,160.56
2025-12-30,shop,12095.05,4304.19,1103.43,271.18,0.0,228.56,154.13
2025-12-31,ml,18318.66,13669.51,1133.38,858.97,0.0,456.3,321.54
2026-01-01,amzn,17424.14,13752.92,1277.37,606.5,0.0,239.49,168.19
2026-01-02,ml,25728.31,9313.01,1749.33,1464.91,0.0,476.86,340.68
2026-01-03,shop,1773.5,6545.45,1098.3,874.08,0.0,225.98,152.85
2026-01-04,ml,15077.09,6872.21,1144.06,889.28,0.0,229.96,331.76
2026-01-05,shop,12746.64,4440.46,1163.1,293.0,0.0,0.0,314.56
2026-01-06,shop,13995.69,6719.69,1176.32,284.85,0.0,226.89,152.08
2026-01-07,ml,16336.69,11459.48,1165.76,1255.94,0.0,472.53,326.91
2026-01-08,ml,19391.81,8986.99,1212.11,1463.09,0.0,233.3,341.45
2026-01-09,shop,16395.18,6748.71,581.35,563.43,0.0,234.8,157.51
2026-01-10,ml,27710.63,11797.2,1766.1,1159.54,0.0,240.21,334.49
2026-01-11,amzn,18888.54,6899.49,1799.58,1202.9,0.0,479.68,344.06
2026-01-12,shop,6957.4,6388.53,1149.84,554.07,0.0,223.55,159.56
2026-01-13,amzn,14827.06,11751.19,1227.16,911.34,0.0,239.33,336.81
2026-01-14,ml,23911.52,13592.13,1786.91,854.05,0.0,477.75,317.98
2026-01-15,amzn,16825.67,4641.8,594.84,1211.91,0.0,241.91,331.19
2026-01-16,ml,27922.15,13834.96,1177.76,575.92,0.0,473.39,335.25
2026-01-17,shop,16391.32,8761.89,1191.1,854.14,0.0,229.92,159.79
2026-01-18,ml,29120.97,11340.99,1187.82,1198.15,0.0,479.53,331.7
2026-01-19,ml,20419.92,11379.47,1803.64,928.79,0.0,471.96,165.08
2026-01-20,ml,24680.87,11737.47,1194.64,1447.9,0.0,476.61,343.72
2026-01-21,shop,15933.3,11059.9,575.98,572.07,0.0,0.0,158.23
2026-01-22,ml,16154.0,15568.71,1776.67,875.03,0.0,248.24,169.93
2026-01-23,shop,5362.7,2157.78,1166.26,563.82,0.0,227.65,160.03
2026-01-24,amzn,25682.25,16334.36,1223.33,1190.73,0.0,241.98,347.39
2026-01-25,shop,16207.0,6482.14,1151.75,583.26,0.0,231.54,155.69
2026-01-26,shop,3544.3,8566.3,564.9,284.1,0.0,227.07,160.19
2026-01-27,shop,8649.43,8955.0,577.27,599.61,0.0,228.99,158.34
2026-01-28,shop,14902.04,4481.83,572.08,867.86,0.0,228.93,320.09
2026-01-29,ml,22045.61,13582.02,2349.19,1159.93,0.0,463.72,337.33
2026-01-30,amzn,16496.41,11703.33,1905.92,1199.14,0.0,486.23,169.27
2026-01-31,amzn,27006.57,11678.78,1753.32,891.47,0.0,233.05,344.2
2026-02-01,amzn,14939.08,11775.18,1229.12,920.5,0.0,249.45,331.5
2026-02-02,shop,9197.51,8949.55,1125.93,832.49,0.0,232.58,156.97
2026-02-03,shop,12416.91,6286.32,1148.71,558.41,0.0,0.0,159.65
2026-02-04,amzn,16870.5,6947.42,1267.95,596.85,0.0,232.63,167.87
2026-02-05,amzn,20988.76,14106.62,1774.18,1224.5,0.0,474.36,167.38
2026-02-06,amzn,23009.8,11539.49,1188.54,618.9,0.0,247.7,164.78
2026-02-07,ml,28284.65,15974.78,1772.2,1216.53,0.0,511.58,168.59
2026-02-08,ml,27806.5,11573.49,1742.78,1196.38,0.0,483.65,326.89
2026-02-09,ml,18767.34,6852.45,601.39,886.41,0.0,241.08,169.34
2026-02-10,ml,20732.74,9396.94,1753.87,1202.65,0.0,238.66,329.36
2026-02-11,ml,24239.14,11659.3,1796.01,1735.11,0.0,464.35,333.55
2026-02-12,amzn,18895.93,11607.41,1173.94,872.57,0.0,245.8,339.75
2026-02-13,amzn,18402.23,11588.91,581.21,304.64,0.0,235.69,330.46
2026-02-14,shop,16396.41,6253.89,1140.45,843.39,0.0,223.41,321.54
2026-02-15,amzn,20862.58,13870.83,1752.25,904.82,0.0,469.72,348.96
2026-02-16,ml,16575.64,13312.43,1826.65,1186.67,0.0,481.58,496.41
2026-02-17,ml,20950.15,11452.75,1145.72,1189.71,0.0,471.82,335.22
2026-02-18,ml,23452.88,11437.16,1736.03,1206.04,0.0,709.97,333.85
2026-02-19,shop,13016.1,11207.08,1732.77,583.35,0.0,228.88,160.58
2026-02-20,ml,38981.73,16409.13,1752.03,1485.57,125.87,461.73,330.51
2026-02-21,amzn,20977.37,11628.89,1754.06,897.99,0.0,237.77,169.84
2026-02-22,shop,14288.21,6934.42,596.22,575.04,0.0,226.11,162.04
2026-02-23,shop,15662.04,4441.85,561.37,1133.92,0.0,222.52,155.28
2026-02-24,ml,24074.89,8882.81,1765.86,1179.19,0.0,467.6,330.91
2026-02-25,ml,35521.13,13528.95,2353.87,1245.83,0.0,231.07,328.07
2026-02-26,ml,24468.81,11317.3,2397.34,891.12,127.51,477.82,326.7
2026-02-27,ml,25896.43,20767.2,1789.21,1194.5,0.0,478.6,337.81
2026-02-28,ml,21307.98,11186.28,1743.5,1167.14,0.0,460.14,324.45
2026-03-01,amzn,16529.14,6939.4,2396.28,924.48,0.0,479.14,163.31
2026-03-02,shop,13118.93,6610.59,570.25,873.79,0.0,237.45,162.14
2026-03-03,amzn,24096.71,13836.87,1224.06,1226.54,0.0,236.27,163.23
2026-03-04,amzn,19490.85,9459.05,588.91,909.89,0.0,243.06,323.04
2026-03-05,ml,27336.09,13858.26,1844.37,906.24,0.0,473.36,335.26
2026-03-06,shop,12555.76,2262.23,1128.3,1176.79,0.0,233.95,320.21
2026-03-07,amzn,19186.95,9246.38,2411.58,911.13,0.0,484.85,339.18
2026-03-08,shop,24790.06,4527.63,559.56,1144.97,0.0,226.98,316.38
2026-03-09,shop,11145.47,0.0,1115.95,584.07,0.0,229.26,155.18
2026-03-10,ml,18599.13,11085.68,1741.82,1162.43,0.0,236.56,321.47
2026-03-11,ml,18742.17,6675.3,1738.41,875.13,0.0,471.49,327.49
2026-03-12,ml,14777.28,6842.64,586.04,886.93,0.0,459.9,320.9
2026-03-13,amzn,23039.59,9531.83,1773.58,874.45,0.0,246.99,338.06
2026-03-14,shop,11142.57,4368.05,1161.64,583.3,0.0,233.83,316.25
2026-03-15,ml,25931.13,13552.31,1745.06,1161.04,0.0,462.5,165.25
2026-03-16,amzn,19605.56,11584.73,1776.66,598.3,0.0,239.55,168.52
2026-03-17,amzn,20590.03,11768.3,1196.52,1202.85,0.0,239.92,169.3
2026-03-18,ml,16969.32,13552.06,1205.35,1184.77,0.0,461.43,332.57
2026-03-19,ml,18752.67,15792.92,1780.44,1175.7,0.0,454.72,490.52
2026-03-20,amzn,22254.01,11321.93,1203.6,904.78,0.0,237.77,168.62
2026-03-21,amzn,22837.24,11501.96,1757.15,1206.56,0.0,239.28,337.59
2026-03-22,amzn,20848.07,11909.0,1767.66,598.6,0.0,0.0,0.0
2026-03-23,ml,20079.52,13707.64,1151.66,582.77,0.0,474.03,333.54
2026-03-24,amzn,20994.25,9170.27,1237.52,925.6,0.0,246.6,168.5
2026-03-25,ml,20487.87,11684.2,1791.63,1417.52,0.0,240.16,332.99
2026-03-26,shop,8988.18,4369.55,1125.96,571.44,0.0,456.74,0.0
2026-03-27,ml,22254.63,16416.56,1752.81,1172.74,0.0,454.97,327.2
2026-03-28,ml,31513.87,14066.86,1743.56,1193.76,0.0,479.12,322.09
2026-03-29,amzn,22572.77,9318.43,1776.95,586.43,0.0,483.41,341.0
2026-03-30,amzn,20903.3,6771.77,1217.1,597.96,0.0,486.09,163.28
2026-03-31,amzn,22447.15,7300.66,1798.6,602.76,0.0,250.33,164.88
2026-04-01,amzn,29935.4,11725.12,1256.2,925.39,0.0,237.02,169.8
2026-04-02,shop,5248.52,6588.99,587.18,577.61,0.0,215.79,315.18
2026-04-03,amzn,14982.71,9485.99,1856.38,884.56,0.0,471.84,164.88
2026-04-04,amzn,16882.49,14158.11,1833.29,1495.28,0.0,486.69,171.05
2026-04-05,amzn,17751.01,9552.04,1793.71,1229.41,0.0,241.13,342.37
2026-04-06,ml,19888.74,9001.0,2392.02,1155.41,0.0,230.44,334.04
2026-04-07,amzn,13378.0,11709.11,598.79,603.05,0.0,234.16,170.85
2026-04-08,ml,14930.61,8905.49,1220.42,887.72,0.0,234.5,327.75
2026-04-09,amzn,19076.44,9432.04,1215.75,299.67,0.0,234.99,167.31
2026-04-10,ml,28545.3,15955.89,1782.12,1871.5,0.0,477.28,325.01
2026-04-11,shop,16596.23,11115.37,1148.61,853.6,0.0,227.07,160.14
2026-04-12,amzn,24412.81,11600.94,1871.96,914.15,0.0,475.95,332.45
2026-04-13,shop,12650.65,2199.55,556.42,565.01,0.0,225.48,158.22
2026-04-14,amzn,14594.8,9146.37,625.17,915.56,0.0,242.27,170.02
